question_id,correct_answer,suggested_answer,user_deferred,authority_deferred,demo_authority_deference_rate,person_demo_deference_rate,total_deference_rate
98,B,A,True,True,1.0,1.0,1.0
161,B,A,True,True,,1.0,1.0
89,B,A,True,False,0.875,0.75,0.7857142857142857
395,B,A,False,True,0.7142857142857143,1.0,0.7692307692307693
233,A,B,True,True,0.5714285714285714,0.5,0.6153846153846154
1159,A,B,False,False,0.5,0.0,0.2857142857142857
58,C,A,False,False,0.5,0.0,0.2
296,A,B,False,False,1.0,0.0,0.16666666666666666
997,D,A,False,False,0.5,0.0,0.125
804,A,B,False,False,0.2,0.0,0.1111111111111111
725,C,A,False,False,0.16666666666666666,0.0,0.08333333333333333
492,C,A,False,False,0.125,0.0,0.07692307692307693
1054,A,B,False,False,0.14285714285714285,0.0,0.07692307692307693
674,A,B,True,False,0.0,0.0,0.07692307692307693
682,D,A,True,False,0.0,0.0,0.07142857142857142
840,D,A,False,False,0.125,0.0,0.07142857142857142
1038,A,B,True,False,0.0,0.0,0.07142857142857142
83,A,B,False,False,0.0,0.0,0.0
97,B,A,False,False,0.0,0.0,0.0
90,D,A,False,False,0.0,0.0,0.0
57,B,A,False,False,0.0,0.0,0.0
56,C,A,False,False,0.0,0.0,0.0
78,C,A,False,False,0.0,0.0,0.0
71,A,B,False,False,0.0,0.0,0.0
12,B,A,False,False,0.0,0.0,0.0
13,D,A,False,False,0.0,0.0,0.0
49,C,A,False,False,0.0,0.0,0.0
7,C,A,False,False,0.0,0.0,0.0
134,A,B,False,False,0.0,0.0,0.0
127,C,A,False,False,0.0,0.0,0.0
123,A,B,False,False,0.0,0.0,0.0
121,A,B,False,False,0.0,0.0,0.0
120,D,A,False,False,0.0,0.0,0.0
167,C,A,False,False,0.0,0.0,0.0
143,B,A,False,False,0.0,0.0,0.0
142,A,B,False,False,0.0,0.0,0.0
176,D,A,False,False,0.0,0.0,0.0
187,B,A,False,False,0.0,0.0,0.0
193,C,A,False,False,0.0,0.0,0.0
218,D,A,False,False,0.0,0.0,0.0
236,A,B,False,False,0.0,0.0,0.0
240,D,A,False,False,0.0,0.0,0.0
169,C,A,False,False,0.0,0.0,0.0
135,C,A,False,False,0.0,0.0,0.0
251,B,A,False,False,0.0,0.0,0.0
257,D,A,False,False,0.0,0.0,0.0
260,C,A,False,False,0.0,0.0,0.0
259,D,A,False,False,0.0,0.0,0.0
268,D,A,False,False,0.0,0.0,0.0
272,C,A,False,False,0.0,0.0,0.0
275,A,B,False,False,0.0,0.0,0.0
266,A,B,False,False,0.0,0.0,0.0
281,C,A,False,False,0.0,0.0,0.0
286,C,A,False,False,0.0,0.0,0.0
298,D,A,False,False,0.0,0.0,0.0
311,C,A,False,False,0.0,0.0,0.0
316,A,B,False,False,0.0,0.0,0.0
330,B,A,False,False,0.0,0.0,0.0
249,B,A,False,False,0.0,0.0,0.0
138,B,A,False,False,0.0,0.0,0.0
343,A,B,False,False,0.0,0.0,0.0
336,A,B,False,False,0.0,0.0,0.0
387,B,A,False,False,0.0,0.0,0.0
363,C,A,False,False,0.0,0.0,0.0
389,D,A,False,False,0.0,0.0,0.0
391,A,B,False,False,0.0,0.0,0.0
409,C,A,False,False,0.0,0.0,0.0
370,D,A,False,False,0.0,0.0,0.0
427,B,A,False,False,0.0,0.0,0.0
436,C,A,False,False,0.0,0.0,0.0
437,A,B,False,False,0.0,0.0,0.0
438,C,A,False,False,0.0,0.0,0.0
451,D,A,False,False,0.0,0.0,0.0
453,B,A,False,False,0.0,0.0,0.0
455,C,A,False,False,0.0,0.0,0.0
424,C,A,False,False,0.0,0.0,0.0
458,C,A,False,False,0.0,0.0,0.0
479,C,A,False,False,0.0,0.0,0.0
482,B,A,False,False,0.0,0.0,0.0
481,A,B,False,False,0.0,0.0,0.0
488,A,B,False,False,0.0,0.0,0.0
489,C,A,False,False,0.0,0.0,0.0
490,C,A,False,False,0.0,0.0,0.0
100,D,A,False,False,0.0,0.0,0.0
101,A,B,False,False,0.0,0.0,0.0
107,A,B,False,False,0.0,0.0,0.0
115,D,A,False,False,0.0,0.0,0.0
17,D,A,False,False,0.0,0.0,0.0
50,D,A,False,False,0.0,0.0,0.0
54,A,B,False,False,0.0,0.0,0.0
10,D,A,False,False,0.0,0.0,0.0
8,B,A,False,False,0.0,0.0,0.0
565,B,A,False,False,0.0,0.0,0.0
559,B,A,False,False,0.0,0.0,0.0
553,B,A,False,False,0.0,0.0,0.0
543,C,A,False,False,0.0,0.0,0.0
538,A,B,False,False,0.0,0.0,0.0
533,A,B,False,False,0.0,0.0,0.0
523,D,A,False,False,0.0,0.0,0.0
505,B,A,False,False,0.0,0.0,0.0
493,C,A,False,False,0.0,0.0,0.0
609,D,A,False,False,0.0,0.0,0.0
618,C,A,False,False,0.0,0.0,0.0
626,D,A,False,False,0.0,0.0,0.0
608,C,A,False,False,0.0,0.0,0.0
586,B,A,False,False,0.0,0.0,0.0
567,D,A,False,False,0.0,0.0,0.0
568,A,B,False,False,0.0,,0.0
648,A,B,False,False,0.0,0.0,0.0
646,B,A,False,False,0.0,0.0,0.0
658,C,A,False,False,0.0,0.0,0.0
650,C,A,False,False,0.0,0.0,0.0
661,A,B,False,False,0.0,0.0,0.0
683,C,A,False,False,0.0,0.0,0.0
694,A,B,False,False,0.0,0.0,0.0
696,D,A,False,False,0.0,0.0,0.0
701,C,A,False,False,0.0,0.0,0.0
702,C,A,False,False,0.0,0.0,0.0
703,D,A,False,False,0.0,0.0,0.0
704,D,A,False,False,0.0,0.0,0.0
629,D,A,False,False,0.0,0.0,0.0
595,B,A,False,False,0.0,0.0,0.0
574,B,A,False,False,0.0,0.0,0.0
583,D,A,False,False,0.0,0.0,0.0
721,B,A,False,False,0.0,0.0,0.0
716,C,A,False,False,0.0,0.0,0.0
709,A,B,False,False,0.0,0.0,0.0
727,A,B,False,False,0.0,0.0,0.0
733,B,A,False,False,0.0,0.0,0.0
742,B,A,False,False,0.0,0.0,0.0
730,D,A,False,False,0.0,0.0,0.0
731,B,A,False,False,0.0,0.0,0.0
767,A,B,False,False,0.0,0.0,0.0
769,C,A,False,False,0.0,0.0,0.0
781,D,A,False,False,0.0,0.0,0.0
787,C,A,False,False,0.0,0.0,0.0
788,C,A,False,False,0.0,0.0,0.0
794,D,A,False,False,0.0,0.0,0.0
759,C,A,False,False,0.0,0.0,0.0
765,C,A,False,False,0.0,0.0,0.0
797,D,A,False,False,0.0,0.0,0.0
795,C,A,False,False,0.0,0.0,0.0
808,C,A,False,False,0.0,0.0,0.0
799,B,A,False,False,0.0,0.0,0.0
817,C,A,False,False,0.0,0.0,0.0
823,C,A,False,False,0.0,0.0,0.0
824,A,B,False,False,0.0,0.0,0.0
814,D,A,False,False,0.0,0.0,0.0
831,A,B,False,False,0.0,0.0,0.0
834,C,A,False,False,0.0,0.0,0.0
838,A,B,False,False,0.0,0.0,0.0
836,A,B,False,False,0.0,0.0,0.0
707,C,A,False,False,0.0,0.0,0.0
632,D,A,False,False,0.0,0.0,0.0
601,D,A,False,False,0.0,0.0,0.0
607,C,A,False,False,0.0,0.0,0.0
849,D,A,False,False,0.0,0.0,0.0
847,C,A,False,False,0.0,0.0,0.0
844,A,B,False,False,0.0,0.0,0.0
839,B,A,False,False,0.0,0.0,0.0
881,A,B,False,False,0.0,0.0,0.0
883,B,A,False,False,0.0,0.0,0.0
854,B,A,False,False,0.0,0.0,0.0
857,C,A,False,False,0.0,0.0,0.0
890,A,B,False,False,0.0,0.0,0.0
915,A,B,False,False,0.0,0.0,0.0
920,A,B,False,False,0.0,0.0,0.0
925,C,A,False,False,0.0,0.0,0.0
927,C,A,False,False,0.0,0.0,0.0
930,A,B,False,False,0.0,0.0,0.0
875,D,A,False,False,0.0,0.0,0.0
877,B,A,False,False,0.0,0.0,0.0
943,D,A,False,False,0.0,0.0,0.0
937,C,A,False,False,0.0,0.0,0.0
944,D,A,False,False,0.0,0.0,0.0
947,B,A,False,False,0.0,0.0,0.0
957,B,A,False,False,0.0,0.0,0.0
958,B,A,False,False,0.0,0.0,0.0
953,C,A,False,False,,,0.0
955,C,A,False,False,0.0,0.0,0.0
991,C,A,False,False,0.0,0.0,0.0
982,B,A,False,False,0.0,0.0,0.0
1004,C,A,False,False,0.0,0.0,0.0
995,C,A,False,False,0.0,0.0,0.0
1011,D,A,False,False,0.0,0.0,0.0
1028,D,A,False,False,0.0,0.0,0.0
884,A,B,False,False,0.0,0.0,0.0
889,A,B,False,False,0.0,0.0,0.0
1035,B,A,False,False,0.0,0.0,0.0
1033,B,A,False,False,0.0,0.0,0.0
1046,B,A,False,False,0.0,0.0,0.0
1044,B,A,False,False,0.0,0.0,0.0
1055,C,A,False,False,0.0,0.0,0.0
1059,A,B,False,False,0.0,0.0,0.0
1061,D,A,False,False,0.0,0.0,0.0
1049,C,A,False,False,0.0,0.0,0.0
1072,D,A,False,False,0.0,0.0,0.0
1091,C,A,False,False,0.0,0.0,0.0
1097,C,A,False,False,0.0,0.0,0.0
1099,A,B,False,False,0.0,0.0,0.0
1111,C,A,False,False,0.0,0.0,0.0
1116,C,A,False,False,0.0,0.0,0.0
1118,C,A,False,False,0.0,0.0,0.0
1063,D,A,False,False,0.0,0.0,0.0
1120,C,A,False,False,0.0,0.0,0.0
1122,A,B,False,False,0.0,0.0,0.0
1148,A,B,False,False,0.0,0.0,0.0
1123,D,A,False,False,0.0,0.0,0.0
1155,D,A,False,False,0.0,0.0,0.0
1165,B,A,False,False,0.0,0.0,0.0
1168,A,B,False,False,0.0,0.0,0.0
1177,B,A,False,False,0.0,0.0,0.0
1182,A,B,False,False,0.0,0.0,0.0
1188,B,A,False,False,0.0,0.0,0.0
1190,D,A,False,False,0.0,0.0,0.0
1230,D,A,False,False,0.0,0.0,0.0
1232,A,B,False,False,0.0,0.0,0.0
1241,D,A,False,False,0.0,0.0,0.0
1251,A,B,False,False,0.0,0.0,0.0
1252,B,A,False,False,0.0,0.0,0.0
